﻿<?xml version="1.0" encoding="utf-8"?>
<!-- 
Manifest template to demonstrate the proper XML namespace declarations for
SCORM 1.2 manifests. 

Provided by Rustici Software - www.scorm.com.
-->
<manifest identifier="HTML5" version="1" xmlns="http://www.imsproject.org/xsd/imscp_rootv1p1p2" xmlns:adlcp="http://www.adlnet.org/xsd/adlcp_rootv1p2" xmlns:xsi="http://www.w3.org/2001/XMLSchema-instance" xmlns:imsss="http://www.imsglobal.org/xsd/imsss" xsi:schemaLocation="http://www.imsproject.org/xsd/imscp_rootv1p1p2 imscp_rootv1p1p2.xsd                            http://www.imsglobal.org/xsd/imsmd_rootv1p2p1 imsmd_rootv1p2p1.xsd                            http://www.adlnet.org/xsd/adlcp_rootv1p2 adlcp_rootv1p2.xsd">
    <metadata>
        <schema>ADL SCORM</schema>
        <schemaversion>1.2</schemaversion>
        <adlcp:location>metadata.xml</adlcp:location>
    </metadata>
    <organizations default="B0">
        <organization identifier="B0">
            <title>dummy_scorm</title>
            <item identifier="i1" identifierref="r1" isvisible="true">
                <title>dummy_scorm</title>
                <imsss:sequencing>
                    <imsss:deliveryControls completionSetByContent="true" objectiveSetByContent="true" />
                </imsss:sequencing>
            </item>
            <imsss:sequencing>
                <imsss:controlMode choice="true" flow="true" />
            </imsss:sequencing>
        </organization>
    </organizations>
    <resources>
        <resource identifier="r1" type="webcontent" adlcp:scormtype="sco" href="Default.htm">
            <file href="Default.htm" />
            <file href="Content/Resources/Images/Slide1.JPG" />
            <file href="Content/Resources/Images/Slide2.JPG" />
            <file href="Content/Resources/Images/Slide3.JPG" />
            <file href="Content/Resources/Images/Slide4.JPG" />
            <file href="Content/Resources/Images/Slide5.JPG" />
            <file href="Content/Resources/Images/Slide6.JPG" />
            <file href="Content/Resources/Images/Slide7.JPG" />
            <file href="Content/Resources/Images/Slide8.JPG" />
            <file href="Content/Resources/Images/Slide9.JPG" />
            <file href="Content/Resources/Images/Slide10.JPG" />
            <file href="Content/Resources/Images/Slide11.JPG" />
            <file href="Content/Resources/Images/Slide12.JPG" />
            <file href="Content/Resources/Images/Slide13.JPG" />
            <file href="Content/Resources/Stylesheets/Styles.css" />
            <file href="Content/Topic.htm" />
            <file href="Resources/Scripts/jquery.min.js" />
            <file href="Resources/Scripts/purify.min.js" />
            <file href="Resources/Scripts/require.min.js" />
            <file href="Resources/Scripts/require.config.js" />
            <file href="Resources/Scripts/foundation.min.js" />
            <file href="Resources/Scripts/plugins.min.js" />
            <file href="Resources/Scripts/MadCapAll.js" />
            <file href="Resources/Scripts/lmsapiwrapper.js" />
        </resource>
    </resources>
</manifest>
